Routine,1
Routine,2
Routine,5
Routine,6
Routine,7
Routine,8
Routine,9
Routine,10
Routine,11
Routine,12
Routine,13
Routine,14
Routine,17
Routine,18
Routine,20
Routine,23
Routine,24
Routine,25
Routine,26
Routine,30
Routine,31
Routine,32
Routine,33
Routine,34
Routine,35
Routine,39
Routine,41
Routine,42
Routine,46
Routine,48
Routine,50
Routine,52
Routine,53
Routine,54
Routine,57
Routine,58
Routine,62
Routine,66
Routine,68
Routine,69
Routine,72
Routine,74
Routine,75
Routine,77
Routine,83
Routine,84
Routine,85
